Epoch,Validation L1 Loss
5,0.08240779063105583
10,0.0800483076274395
15,0.08058455383777618
20,0.07973638093471527
25,0.07970103743672372
30,0.07964708709716797
